seed,sample,ranking_score
1,0,0.9291525065088715
1,1,0.9206540353853598
1,2,0.9205140780214002
