{
    "confidence_score": 0.9500438570976257,
    "ptm": 0.9445662498474121,
    "iptm": 0.9311257600784302,
    "ligand_iptm": 0.0,
    "protein_iptm": 0.9311257600784302,
    "complex_plddt": 0.9547733664512634,
    "complex_iplddt": 0.9352983236312866,
    "complex_pde": 0.31661152839660645,
    "complex_ipde": 0.6914535760879517,
    "chains_ptm": {
        "0": 0.9812089204788208,
        "1": 0.9652891159057617,
        "2": 0.9903290271759033,
        "3": 0.9854127168655396
    },
    "pair_chains_iptm": {
        "0": {
            "0": 0.9812089204788208,
            "1": 0.9110157489776611,
            "2": 0.8669203519821167,
            "3": 0.8822810053825378
        },
        "1": {
            "0": 0.8478254675865173,
            "1": 0.9652891159057617,
            "2": 0.9650028347969055,
            "3": 0.9266712069511414
        },
        "2": {
            "0": 0.7882838845252991,
            "1": 0.9760170578956604,
            "2": 0.9903290271759033,
            "3": 0.8996148109436035
        },
        "3": {
            "0": 0.9304693937301636,
            "1": 0.9878884553909302,
            "2": 0.9715270400047302,
            "3": 0.9854127168655396
        }
    }
}