{
    "confidence_score": 0.9457398653030396,
    "ptm": 0.9385560750961304,
    "iptm": 0.9231938719749451,
    "ligand_iptm": 0.0,
    "protein_iptm": 0.9231938719749451,
    "complex_plddt": 0.9513763785362244,
    "complex_iplddt": 0.9260169267654419,
    "complex_pde": 0.32687947154045105,
    "complex_ipde": 0.8341948986053467,
    "chains_ptm": {
        "0": 0.9800999164581299,
        "1": 0.9664928317070007,
        "2": 0.9903793931007385,
        "3": 0.9850856065750122
    },
    "pair_chains_iptm": {
        "0": {
            "0": 0.9800999164581299,
            "1": 0.886860191822052,
            "2": 0.8416149020195007,
            "3": 0.8555394411087036
        },
        "1": {
            "0": 0.8239235877990723,
            "1": 0.9664928317070007,
            "2": 0.9658612012863159,
            "3": 0.9262011051177979
        },
        "2": {
            "0": 0.751723051071167,
            "1": 0.9765098094940186,
            "2": 0.9903793931007385,
            "3": 0.895980179309845
        },
        "3": {
            "0": 0.9129894971847534,
            "1": 0.9879924058914185,
            "2": 0.9713894724845886,
            "3": 0.9850856065750122
        }
    }
}