{
    "confidence_score": 0.9500849843025208,
    "ptm": 0.9456783533096313,
    "iptm": 0.9329333305358887,
    "ligand_iptm": 0.0,
    "protein_iptm": 0.9329333305358887,
    "complex_plddt": 0.9543728828430176,
    "complex_iplddt": 0.9354977607727051,
    "complex_pde": 0.31516700983047485,
    "complex_ipde": 0.6567496061325073,
    "chains_ptm": {
        "0": 0.9803869724273682,
        "1": 0.9652929902076721,
        "2": 0.990511953830719,
        "3": 0.9851472973823547
    },
    "pair_chains_iptm": {
        "0": {
            "0": 0.9803869724273682,
            "1": 0.9140685200691223,
            "2": 0.8713930249214172,
            "3": 0.884903073310852
        },
        "1": {
            "0": 0.8522338271141052,
            "1": 0.9652929902076721,
            "2": 0.9650806188583374,
            "3": 0.9258381128311157
        },
        "2": {
            "0": 0.7940554022789001,
            "1": 0.9753998517990112,
            "2": 0.990511953830719,
            "3": 0.8991872668266296
        },
        "3": {
            "0": 0.9353940486907959,
            "1": 0.9879575371742249,
            "2": 0.9708625078201294,
            "3": 0.9851472973823547
        }
    }
}