binder_id,boltz_iptm_avg,boltz_iptm_std,boltz_iptm_model_0,boltz_complex_plddt_avg,boltz_complex_plddt_std,boltz_complex_plddt_model_0,boltz_complex_iplddt_avg,boltz_complex_iplddt_std,boltz_complex_iplddt_model_0,boltz_complex_pde_avg,boltz_complex_pde_std,boltz_complex_pde_model_0,boltz_complex_ipde_avg,boltz_complex_ipde_std,boltz_complex_ipde_model_0
pdl1_binder,0.9413299759229025,0.0013490775010028962,0.9425914883613586,0.9515722393989563,0.00046632212065255964,0.952123761177063,0.9459603826204935,0.003152296292691699,0.9497454762458801,0.3034094572067261,0.001507933276842895,0.30322492122650146,0.40173013011614483,0.008822542319661017,0.3939821124076843
pmhc_binder_fused_target_chain,0.930182933807373,0.006146237890584609,0.9370998740196228,0.9534967939058939,0.0024955361705213557,0.9561176896095276,0.9323874711990356,0.006777680232687249,0.9397600293159485,0.31567907333374023,0.00827267578133479,0.3066841661930084,0.6956744988759359,0.0836913777884098,0.5965725779533386
pmhc_binder_multi_target_chain,0.9280977050463358,0.005668098772274976,0.9329125285148621,0.9533730546633402,0.0010475757661137235,0.9543952345848083,0.931001603603363,0.0033247694815831622,0.9341707229614258,0.31955745816230774,0.00707933024062275,0.3143573999404907,0.7489281495412191,0.08122397494272211,0.6810175180435181
