binder_id,boltz1_iptm_avg,boltz1_iptm_std,boltz1_iptm_model_0,boltz1_complex_plddt_avg,boltz1_complex_plddt_std,boltz1_complex_plddt_model_0,boltz1_complex_iplddt_avg,boltz1_complex_iplddt_std,boltz1_complex_iplddt_model_0,boltz1_complex_pde_avg,boltz1_complex_pde_std,boltz1_complex_pde_model_0,boltz1_complex_ipde_avg,boltz1_complex_ipde_std,boltz1_complex_ipde_model_0
pdl1_binder,0.939480721950531,0.0006852728719947466,0.9401187300682068,0.9518092274665833,0.0002558516075543675,0.9521666765213013,0.9458896517753601,0.0030232109667279942,0.9486706256866455,0.3038169840971629,0.0024810556346444154,0.30078941583633423,0.4027465085188548,0.006395450099915705,0.39497485756874084
pmhc_binder_fused_target_chain,0.9296484192212423,0.005315339347158049,0.9348101019859314,0.9540128111839294,0.0020170863539934825,0.9563144445419312,0.9344819585482279,0.0047479318886897185,0.9391813278198242,0.31429237127304077,0.007713767956559028,0.3078067898750305,0.6727017362912496,0.09971345933284981,0.5827270746231079
pmhc_binder_multi_target_chain,0.9270939230918884,0.0033282949391396166,0.9293550252914429,0.9528103272120158,0.0006542590932924394,0.9535706043243408,0.9311655958493551,0.0026422081582879067,0.9315500259399414,0.3195216755072276,0.0020119866457318425,0.31797122955322266,0.7406140367190043,0.03724530577762166,0.7287055850028992
