binder_id,boltz_iptm_avg,boltz_iptm_std,boltz_iptm_model_0,boltz_complex_plddt_avg,boltz_complex_plddt_std,boltz_complex_plddt_model_0,boltz_complex_iplddt_avg,boltz_complex_iplddt_std,boltz_complex_iplddt_model_0,boltz_complex_pde_avg,boltz_complex_pde_std,boltz_complex_pde_model_0,boltz_complex_ipde_avg,boltz_complex_ipde_std,boltz_complex_ipde_model_0
pdl1_binder,0.9412953853607178,0.0007217186482672195,0.941796600818634,0.9517232378323873,0.0004153968567828319,0.9523078799247742,0.944719115893046,0.0036833950452313086,0.9498230218887329,0.3042965730031331,0.0006157666204371342,0.30342575907707214,0.39947983622550964,0.0059930384162793175,0.3922507166862488
pmhc_binder_fused_target_chain,0.9253182212511698,0.0021435801313737257,0.9278297424316406,0.9527259270350138,0.0006474780076000326,0.9534400701522827,0.9310678243637085,0.0018832504442839475,0.9317018985748291,0.32063476244608563,0.0032502183398336595,0.31799235939979553,0.7512298027674357,0.03750392768915246,0.7134333848953247
pmhc_binder_multi_target_chain,0.9276543259620667,0.003253215928132314,0.9315882921218872,0.9527963399887085,0.001331648511808961,0.9546566009521484,0.9303800861040751,0.0034742837897211525,0.9352723360061646,0.3176142970720927,0.0073759598609183154,0.30846238136291504,0.7143016457557678,0.07648892617613558,0.6192699074745178
