{
    "confidence_score": 0.9499800801277161,
    "ptm": 0.9521549940109253,
    "iptm": 0.9413741827011108,
    "ligand_iptm": 0.0,
    "protein_iptm": 0.9413741827011108,
    "complex_plddt": 0.9521315097808838,
    "complex_iplddt": 0.9453763961791992,
    "complex_pde": 0.30450400710105896,
    "complex_ipde": 0.40140944719314575,
    "chains_ptm": {
        "0": 0.9777716994285583,
        "1": 0.9694686532020569
    },
    "pair_chains_iptm": {
        "0": {
            "0": 0.9777716994285583,
            "1": 0.9413741827011108
        },
        "1": {
            "0": 0.9278451204299927,
            "1": 0.9694686532020569
        }
    }
}