{
    "confidence_score": 0.9486160278320312,
    "ptm": 0.9518402814865112,
    "iptm": 0.9402762055397034,
    "ligand_iptm": 0.0,
    "protein_iptm": 0.9402762055397034,
    "complex_plddt": 0.9507009983062744,
    "complex_iplddt": 0.9469738602638245,
    "complex_pde": 0.3049464225769043,
    "complex_ipde": 0.40050432085990906,
    "chains_ptm": {
        "0": 0.9774753451347351,
        "1": 0.9692735075950623
    },
    "pair_chains_iptm": {
        "0": {
            "0": 0.9774753451347351,
            "1": 0.9402762055397034
        },
        "1": {
            "0": 0.9248315691947937,
            "1": 0.9692735075950623
        }
    }
}