{
    "confidence_score": 0.9483497738838196,
    "ptm": 0.9499807357788086,
    "iptm": 0.9384437799453735,
    "ligand_iptm": 0.0,
    "protein_iptm": 0.9384437799453735,
    "complex_plddt": 0.9508262276649475,
    "complex_iplddt": 0.94733065366745,
    "complex_pde": 0.30759844183921814,
    "complex_ipde": 0.4085635840892792,
    "chains_ptm": {
        "0": 0.9774842858314514,
        "1": 0.9683091640472412
    },
    "pair_chains_iptm": {
        "0": {
            "0": 0.9774842858314514,
            "1": 0.9384437799453735
        },
        "1": {
            "0": 0.9229998588562012,
            "1": 0.9683091640472412
        }
    }
}