binder_id,boltz_iptm_avg,boltz_iptm_std,boltz_iptm_model_0,boltz_complex_plddt_avg,boltz_complex_plddt_std,boltz_complex_plddt_model_0,boltz_complex_iplddt_avg,boltz_complex_iplddt_std,boltz_complex_iplddt_model_0,boltz_complex_pde_avg,boltz_complex_pde_std,boltz_complex_pde_model_0,boltz_complex_ipde_avg,boltz_complex_ipde_std,boltz_complex_ipde_model_0
Pdl1_binder,0.9400313893953959,0.0012087917620757717,0.9413741827011108,0.9512195785840353,0.0006468562328202675,0.9521315097808838,0.9465603033701578,0.0008497264504220881,0.9453763961791992,0.3056829571723938,0.0013664416062523445,0.30450400710105896,0.40349245071411133,0.003604821650820426,0.40140944719314575
pMHC_binder_fused_target_chain,0.9263768394788107,0.004259738608800322,0.9314267635345459,0.9529044230779012,0.001127006348097795,0.9541082382202148,0.9306360483169556,0.0028161534621244685,0.9336549043655396,0.3210754593213399,0.006263772386232733,0.3149401545524597,0.7621821761131287,0.07020487719894279,0.6916077733039856
pMHC_binder_multi_target_chain,0.929084320863088,0.004230040883769104,0.9329333305358887,0.9535075426101685,0.0015158038599306283,0.9543728828430176,0.9322710037231445,0.004423049682288952,0.9354977607727051,0.3195526699225108,0.005214286460195285,0.31516700983047485,0.7274660269419352,0.07678706669561747,0.6567496061325073
