seed,sample,ranking_score
1,0,0.8990917334740582
1,1,0.8967698018542354
1,2,0.8889371082249773
