binder_id,colab_actifptm_avg,colab_actifptm_std,colab_actifptm_model_0,colab_ptm_avg,colab_ptm_std,colab_ptm_model_0,colab_iptm_avg,colab_iptm_std,colab_iptm_model_0
pdl1_binder,0.9713333333333333,0.001527525231651948,0.973,0.9333333333333333,0.005773502691896198,0.94,0.9133333333333333,0.005773502691896263,0.92
pmhc_binder_fused_target_chain,0.9823333333333333,0.0005773502691896263,0.983,0.9166666666666667,0.01527525231651948,0.93,0.9,0.017320508075688787,0.91
pmhc_binder_multi_target_chain,0.9823333333333333,0.0005773502691896263,0.983,0.9166666666666667,0.01527525231651948,0.93,0.9,0.017320508075688787,0.91
