binder_id,colab_actifptm_avg,colab_actifptm_std,colab_actifptm_model_0,colab_ptm_avg,colab_ptm_std,colab_ptm_model_0,colab_iptm_avg,colab_iptm_std,colab_iptm_model_0
pdl1_binder,0.8735999999999999,0.2172482451022332,0.974,0.876,0.12095453691366852,0.94,0.796,0.24955961211702507,0.92
pmhc_binder_fused_target_chain,0.9822,0.00044721359549995833,0.982,0.918,0.010954451150103333,0.92,0.9,0.012247448713915901,0.9
pmhc_binder_multi_target_chain,0.9822,0.00044721359549995833,0.982,0.918,0.010954451150103333,0.92,0.9,0.012247448713915901,0.9
