{
    "confidence_score": 0.9479050040245056,
    "ptm": 0.940966010093689,
    "iptm": 0.9266964793205261,
    "ligand_iptm": 0.0,
    "protein_iptm": 0.9266964793205261,
    "complex_plddt": 0.9532071352005005,
    "complex_iplddt": 0.9313762784004211,
    "complex_pde": 0.3186095058917999,
    "complex_ipde": 0.7369918823242188,
    "chains_ptm": {
        "0": 0.9809477925300598,
        "1": 0.964849054813385,
        "2": 0.9903215765953064,
        "3": 0.9851559400558472
    },
    "pair_chains_iptm": {
        "0": {
            "0": 0.9809477925300598,
            "1": 0.898534893989563,
            "2": 0.8540531992912292,
            "3": 0.869391679763794
        },
        "1": {
            "0": 0.8378446102142334,
            "1": 0.964849054813385,
            "2": 0.9645575881004333,
            "3": 0.9250491857528687
        },
        "2": {
            "0": 0.771571695804596,
            "1": 0.9753333330154419,
            "2": 0.9903215765953064,
            "3": 0.8969885110855103
        },
        "3": {
            "0": 0.9249100685119629,
            "1": 0.9881638288497925,
            "2": 0.9714791178703308,
            "3": 0.9851559400558472
        }
    }
}