{
    "confidence_score": 0.9453197717666626,
    "ptm": 0.9363160729408264,
    "iptm": 0.9210072755813599,
    "ligand_iptm": 0.0,
    "protein_iptm": 0.9210072755813599,
    "complex_plddt": 0.9513978958129883,
    "complex_iplddt": 0.926876962184906,
    "complex_pde": 0.32967671751976013,
    "complex_ipde": 0.8579468727111816,
    "chains_ptm": {
        "0": 0.9794398546218872,
        "1": 0.9658743739128113,
        "2": 0.9903578162193298,
        "3": 0.9841914772987366
    },
    "pair_chains_iptm": {
        "0": {
            "0": 0.9794398546218872,
            "1": 0.8801782131195068,
            "2": 0.8336971402168274,
            "3": 0.846569836139679
        },
        "1": {
            "0": 0.8204662799835205,
            "1": 0.9658743739128113,
            "2": 0.965851366519928,
            "3": 0.9216199517250061
        },
        "2": {
            "0": 0.74952232837677,
            "1": 0.9759395718574524,
            "2": 0.9903578162193298,
            "3": 0.8918938040733337
        },
        "3": {
            "0": 0.9097963571548462,
            "1": 0.9875168204307556,
            "2": 0.970588207244873,
            "3": 0.9841914772987366
        }
    }
}