{
    "confidence_score": 0.9495720267295837,
    "ptm": 0.9449713230133057,
    "iptm": 0.9314267635345459,
    "ligand_iptm": 0.0,
    "protein_iptm": 0.9314267635345459,
    "complex_plddt": 0.9541082382202148,
    "complex_iplddt": 0.9336549043655396,
    "complex_pde": 0.3149401545524597,
    "complex_ipde": 0.6916077733039856,
    "chains_ptm": {
        "0": 0.9814326763153076,
        "1": 0.9669742584228516,
        "2": 0.9905880093574524,
        "3": 0.9861356019973755
    },
    "pair_chains_iptm": {
        "0": {
            "0": 0.9814326763153076,
            "1": 0.9090968370437622,
            "2": 0.8647550344467163,
            "3": 0.8804337382316589
        },
        "1": {
            "0": 0.8453529477119446,
            "1": 0.9669742584228516,
            "2": 0.966379702091217,
            "3": 0.928338885307312
        },
        "2": {
            "0": 0.7834832072257996,
            "1": 0.9765259623527527,
            "2": 0.9905880093574524,
            "3": 0.9006543755531311
        },
        "3": {
            "0": 0.9299449324607849,
            "1": 0.9889759421348572,
            "2": 0.9726997017860413,
            "3": 0.9861356019973755
        }
    }
}