binder_id,af3_dockQ,af2_dockQ,boltz_dockQ,colab_dockQ
pdl1_binder,0.8725095702746163,0.9460602381859221,0.8810463813387551,0.8749114207968907
pmhc_binder_fused_target_chain,0.9065177501117757,0.9380449842970576,0.8383077345700461,0.8498139663183594
pmhc_binder_multi_target_chain,0.9999999999994849,0.9293928012350077,0.9026626718932591,0.8340344637563831
