binder_id,af3_dockQ,af2_dockQ,boltz_dockQ,colab_dockQ
pdl1_binder,0.8725095702746163,0.9510198808102701,0.8865836426221518,0.9244983144993474
pmhc_binder_fused_target_chain,0.9065177501117757,0.9278079655460042,0.8972858962419635,0.8498139663183594
pmhc_binder_multi_target_chain,0.9999999999994849,0.924900585524465,0.7712569191866989,0.8340344637563831
