binder_id,boltz1_pDockQ_min,boltz1_pDockQ_max,boltz1_pDockQ2_min,boltz1_pDockQ2_max,boltz1_ipSAE_min,boltz1_ipSAE_max,boltz1_ipSAE_avg,boltz1_LIS,boltz1_ipSAE_min_in_calculation,boltz1_ipSAE_d0chn,boltz1_ipSAE_d0dom,boltz1_ipae,af3_pDockQ_min,af3_pDockQ_max,af3_pDockQ2_min,af3_pDockQ2_max,af3_ipSAE_min,af3_ipSAE_max,af3_ipSAE_avg,af3_LIS,af3_ipSAE_min_in_calculation,af3_ipSAE_d0chn,af3_ipSAE_d0dom,af3_ipae,af3_min_pae_contact,af3_max_pae_contact,af3_res_above_contact_thres,colab_pDockQ_min,colab_pDockQ_max,colab_pDockQ2_min,colab_pDockQ2_max,colab_ipSAE_min,colab_ipSAE_max,colab_ipSAE_avg,colab_LIS,colab_ipSAE_min_in_calculation,colab_ipSAE_d0chn,colab_ipSAE_d0dom,colab_ipae
pdl1_binder,0.5714,0.5714,0.8544,0.8781,0.895709,0.897489,0.634706,0.7663,0.01273,0.940661,0.940661,3.0011,0.5466,0.5466,0.8323,0.8412,0.794142,0.823318,0.551377,0.725,0.012091,0.893813,0.89339,3.5896,0.9,4.3,57,0.5757,0.5757,0.9032,0.9059,0.84288,0.867983,0.597492,0.7482,0.010936,0.922602,0.922602,3.1702
pmhc_binder_multi_target_chain,0.2726,0.2726,0.5422,0.5858,0.319865,0.493416,0.22181766666666666,0.40166666666666667,0.008133333333333333,0.5070703333333334,0.5070703333333334,5.110400000000001,0.336,0.336,0.648,0.68875,0.3099366666666667,0.4831303333333333,0.199609,0.397,0.007563,0.501949,0.501949,5.5802999999999985,1.5,4.8,71,0.30965,0.30965,0.5668,0.6729,0.312533,0.45910233333333333,0.19971833333333333,0.3497333333333333,0.007812666666666667,0.48245899999999997,0.48245899999999997,5.646466666666666
pmhc_binder_fused_target_chain,0.27565,0.27565,0.61955,0.6628000000000001,0.3491573333333333,0.5153133333333333,0.23797300000000002,0.4231666666666667,0.010327000000000001,0.5293286666666667,0.5293286666666667,4.819966666666667,0.336,0.336,0.648,0.68875,0.3099366666666667,0.4831303333333333,0.199609,0.397,0.007563,0.501949,0.501949,5.5802999999999985,1.5,4.8,71,0.30965,0.30965,0.5668,0.6729,0.312533,0.45910233333333333,0.19971833333333333,0.3497333333333333,0.007812666666666667,0.48245899999999997,0.48245899999999997,5.646466666666666
