{
    "confidence_score": 0.9496432542800903,
    "ptm": 0.944431483745575,
    "iptm": 0.9312831163406372,
    "ligand_iptm": 0.0,
    "protein_iptm": 0.9312831163406372,
    "complex_plddt": 0.9542332291603088,
    "complex_iplddt": 0.934005856513977,
    "complex_pde": 0.3136977553367615,
    "complex_ipde": 0.6891855001449585,
    "chains_ptm": {
        "0": 0.9811968207359314,
        "1": 0.9668280482292175,
        "2": 0.9906859397888184,
        "3": 0.9851097464561462
    },
    "pair_chains_iptm": {
        "0": {
            "0": 0.9811968207359314,
            "1": 0.9060596227645874,
            "2": 0.8634368777275085,
            "3": 0.8746485114097595
        },
        "1": {
            "0": 0.8518099188804626,
            "1": 0.9668280482292175,
            "2": 0.9666034579277039,
            "3": 0.9247950911521912
        },
        "2": {
            "0": 0.7893062829971313,
            "1": 0.9766958355903625,
            "2": 0.9906859397888184,
            "3": 0.8960971832275391
        },
        "3": {
            "0": 0.932132363319397,
            "1": 0.9882264733314514,
            "2": 0.9715552926063538,
            "3": 0.9851097464561462
        }
    }
}