{
    "confidence_score": 0.9473986625671387,
    "ptm": 0.9407863020896912,
    "iptm": 0.9255326986312866,
    "ligand_iptm": 0.0,
    "protein_iptm": 0.9255326986312866,
    "complex_plddt": 0.9528651833534241,
    "complex_iplddt": 0.9329909682273865,
    "complex_pde": 0.31869879364967346,
    "complex_ipde": 0.7379039525985718,
    "chains_ptm": {
        "0": 0.9805202484130859,
        "1": 0.9656848907470703,
        "2": 0.9903324246406555,
        "3": 0.9852738976478577
    },
    "pair_chains_iptm": {
        "0": {
            "0": 0.9805202484130859,
            "1": 0.8965858221054077,
            "2": 0.8499383926391602,
            "3": 0.8681692481040955
        },
        "1": {
            "0": 0.8377256393432617,
            "1": 0.9656848907470703,
            "2": 0.9648399949073792,
            "3": 0.926845133304596
        },
        "2": {
            "0": 0.7696357369422913,
            "1": 0.9762767553329468,
            "2": 0.9903324246406555,
            "3": 0.8989059329032898
        },
        "3": {
            "0": 0.9248437881469727,
            "1": 0.9879966378211975,
            "2": 0.9705376625061035,
            "3": 0.9852738976478577
        }
    }
}