{
    "confidence_score": 0.9445447325706482,
    "ptm": 0.9374364018440247,
    "iptm": 0.9221658110618591,
    "ligand_iptm": 0.0,
    "protein_iptm": 0.9221658110618591,
    "complex_plddt": 0.9501394629478455,
    "complex_iplddt": 0.9233965277671814,
    "complex_pde": 0.3266552984714508,
    "complex_ipde": 0.8012654185295105,
    "chains_ptm": {
        "0": 0.9799950122833252,
        "1": 0.9655270576477051,
        "2": 0.9902971386909485,
        "3": 0.9847985506057739
    },
    "pair_chains_iptm": {
        "0": {
            "0": 0.9799950122833252,
            "1": 0.8839725255966187,
            "2": 0.8386598229408264,
            "3": 0.8534780740737915
        },
        "1": {
            "0": 0.8278939127922058,
            "1": 0.9655270576477051,
            "2": 0.9652496576309204,
            "3": 0.9242817163467407
        },
        "2": {
            "0": 0.7559869289398193,
            "1": 0.97575843334198,
            "2": 0.9902971386909485,
            "3": 0.8952783942222595
        },
        "3": {
            "0": 0.914009690284729,
            "1": 0.9876308441162109,
            "2": 0.9708503484725952,
            "3": 0.9847985506057739
        }
    }
}