{
    "confidence_score": 0.9483180046081543,
    "ptm": 0.9418196678161621,
    "iptm": 0.9278297424316406,
    "ligand_iptm": 0.0,
    "protein_iptm": 0.9278297424316406,
    "complex_plddt": 0.9534400701522827,
    "complex_iplddt": 0.9317018985748291,
    "complex_pde": 0.31799235939979553,
    "complex_ipde": 0.7134333848953247,
    "chains_ptm": {
        "0": 0.980199933052063,
        "1": 0.9657440185546875,
        "2": 0.9903228282928467,
        "3": 0.985611617565155
    },
    "pair_chains_iptm": {
        "0": {
            "0": 0.980199933052063,
            "1": 0.9019415378570557,
            "2": 0.8576207756996155,
            "3": 0.8701806664466858
        },
        "1": {
            "0": 0.8415107131004333,
            "1": 0.9657440185546875,
            "2": 0.9651710391044617,
            "3": 0.925044059753418
        },
        "2": {
            "0": 0.778812825679779,
            "1": 0.976215660572052,
            "2": 0.9903228282928467,
            "3": 0.8972072005271912
        },
        "3": {
            "0": 0.9269251227378845,
            "1": 0.9885565638542175,
            "2": 0.9719231128692627,
            "3": 0.985611617565155
        }
    }
}