{
    "confidence_score": 0.9460164904594421,
    "ptm": 0.9376023411750793,
    "iptm": 0.9225922226905823,
    "ligand_iptm": 0.0,
    "protein_iptm": 0.9225922226905823,
    "complex_plddt": 0.9518725275993347,
    "complex_iplddt": 0.9285106062889099,
    "complex_pde": 0.32521313428878784,
    "complex_ipde": 0.8023520708084106,
    "chains_ptm": {
        "0": 0.9801533222198486,
        "1": 0.9659229516983032,
        "2": 0.990322470664978,
        "3": 0.9846261739730835
    },
    "pair_chains_iptm": {
        "0": {
            "0": 0.9801533222198486,
            "1": 0.884266197681427,
            "2": 0.8406469821929932,
            "3": 0.8557062745094299
        },
        "1": {
            "0": 0.8239293694496155,
            "1": 0.9659229516983032,
            "2": 0.9653835296630859,
            "3": 0.9237750172615051
        },
        "2": {
            "0": 0.753848671913147,
            "1": 0.9758753180503845,
            "2": 0.990322470664978,
            "3": 0.8947030901908875
        },
        "3": {
            "0": 0.9177946448326111,
            "1": 0.987247884273529,
            "2": 0.9709314107894897,
            "3": 0.9846261739730835
        }
    }
}