{
    "confidence_score": 0.9523140788078308,
    "ptm": 0.9497699737548828,
    "iptm": 0.9370998740196228,
    "ligand_iptm": 0.0,
    "protein_iptm": 0.9370998740196228,
    "complex_plddt": 0.9561176896095276,
    "complex_iplddt": 0.9397600293159485,
    "complex_pde": 0.3066841661930084,
    "complex_ipde": 0.5965725779533386,
    "chains_ptm": {
        "0": 0.9813951849937439,
        "1": 0.9674496650695801,
        "2": 0.990550696849823,
        "3": 0.986876904964447
    },
    "pair_chains_iptm": {
        "0": {
            "0": 0.9813951849937439,
            "1": 0.9227942228317261,
            "2": 0.8802140951156616,
            "3": 0.8967560529708862
        },
        "1": {
            "0": 0.8715562224388123,
            "1": 0.9674496650695801,
            "2": 0.9667664766311646,
            "3": 0.9306589961051941
        },
        "2": {
            "0": 0.8184223175048828,
            "1": 0.9766632914543152,
            "2": 0.990550696849823,
            "3": 0.9033998847007751
        },
        "3": {
            "0": 0.9454095363616943,
            "1": 0.9893719553947449,
            "2": 0.9729744791984558,
            "3": 0.986876904964447
        }
    }
}