binder_id,af3_dockQ,af2_dockQ,boltz1_dockQ,colab_dockQ
Pdl1_binder,0.8725095702746163,,0.8542288976563267,0.8749114207968907
pMHC_binder_fused_target_chain,0.9065177501117757,,0.8988783278855261,0.8498139663183594
pMHC_binder_multi_target_chain,0.9999999999994849,,0.8694874662209142,0.8340344637563831
