{
    "confidence_score": 0.9455747008323669,
    "ptm": 0.9354854822158813,
    "iptm": 0.9201401472091675,
    "ligand_iptm": 0.0,
    "protein_iptm": 0.9201401472091675,
    "complex_plddt": 0.9519332647323608,
    "complex_iplddt": 0.9264089465141296,
    "complex_pde": 0.3295665979385376,
    "complex_ipde": 0.8631150722503662,
    "chains_ptm": {
        "0": 0.9800359010696411,
        "1": 0.965846836566925,
        "2": 0.9903655052185059,
        "3": 0.9852676391601562
    },
    "pair_chains_iptm": {
        "0": {
            "0": 0.9800359010696411,
            "1": 0.8770008683204651,
            "2": 0.8317550420761108,
            "3": 0.8462708592414856
        },
        "1": {
            "0": 0.8211394548416138,
            "1": 0.965846836566925,
            "2": 0.9657201170921326,
            "3": 0.9247710704803467
        },
        "2": {
            "0": 0.7489060163497925,
            "1": 0.9759237170219421,
            "2": 0.9903655052185059,
            "3": 0.8970341086387634
        },
        "3": {
            "0": 0.9110437035560608,
            "1": 0.9883531928062439,
            "2": 0.9714205265045166,
            "3": 0.9852676391601562
        }
    }
}