{
    "confidence_score": 0.9460140466690063,
    "ptm": 0.9383464455604553,
    "iptm": 0.923621416091919,
    "ligand_iptm": 0.0,
    "protein_iptm": 0.923621416091919,
    "complex_plddt": 0.9516122341156006,
    "complex_iplddt": 0.9275397658348083,
    "complex_pde": 0.32652488350868225,
    "complex_ipde": 0.8065674901008606,
    "chains_ptm": {
        "0": 0.9794790744781494,
        "1": 0.9649990797042847,
        "2": 0.9905397295951843,
        "3": 0.9843676090240479
    },
    "pair_chains_iptm": {
        "0": {
            "0": 0.9794790744781494,
            "1": 0.8892454504966736,
            "2": 0.8439199924468994,
            "3": 0.8567031025886536
        },
        "1": {
            "0": 0.8290054798126221,
            "1": 0.9649990797042847,
            "2": 0.9650956392288208,
            "3": 0.9214414954185486
        },
        "2": {
            "0": 0.7643763422966003,
            "1": 0.9761618971824646,
            "2": 0.9905397295951843,
            "3": 0.8927352428436279
        },
        "3": {
            "0": 0.9165359139442444,
            "1": 0.9878000617027283,
            "2": 0.9708646535873413,
            "3": 0.9843676090240479
        }
    }
}