{
    "confidence_score": 0.9472468495368958,
    "ptm": 0.9426153302192688,
    "iptm": 0.9277532696723938,
    "ligand_iptm": 0.0,
    "protein_iptm": 0.9277532696723938,
    "complex_plddt": 0.9521201848983765,
    "complex_iplddt": 0.9283281564712524,
    "complex_pde": 0.3178556263446808,
    "complex_ipde": 0.717067539691925,
    "chains_ptm": {
        "0": 0.9799177646636963,
        "1": 0.9654216170310974,
        "2": 0.990196943283081,
        "3": 0.9850523471832275
    },
    "pair_chains_iptm": {
        "0": {
            "0": 0.9799177646636963,
            "1": 0.9034717679023743,
            "2": 0.8565712571144104,
            "3": 0.8724302649497986
        },
        "1": {
            "0": 0.8553503155708313,
            "1": 0.9654216170310974,
            "2": 0.9652917981147766,
            "3": 0.9262422323226929
        },
        "2": {
            "0": 0.7844142913818359,
            "1": 0.9756240844726562,
            "2": 0.990196943283081,
            "3": 0.8979935646057129
        },
        "3": {
            "0": 0.9331260919570923,
            "1": 0.9876281023025513,
            "2": 0.9708850979804993,
            "3": 0.9850523471832275
        }
    }
}