{
    "confidence_score": 0.9500429034233093,
    "ptm": 0.9455533027648926,
    "iptm": 0.9315882921218872,
    "ligand_iptm": 0.0,
    "protein_iptm": 0.9315882921218872,
    "complex_plddt": 0.9546566009521484,
    "complex_iplddt": 0.9352723360061646,
    "complex_pde": 0.30846238136291504,
    "complex_ipde": 0.6192699074745178,
    "chains_ptm": {
        "0": 0.9812860488891602,
        "1": 0.9665201306343079,
        "2": 0.9906448125839233,
        "3": 0.9868268966674805
    },
    "pair_chains_iptm": {
        "0": {
            "0": 0.9812860488891602,
            "1": 0.9101288318634033,
            "2": 0.8672161102294922,
            "3": 0.8843616247177124
        },
        "1": {
            "0": 0.8612295985221863,
            "1": 0.9665201306343079,
            "2": 0.9659779667854309,
            "3": 0.9295543432235718
        },
        "2": {
            "0": 0.8053996562957764,
            "1": 0.9767210483551025,
            "2": 0.9906448125839233,
            "3": 0.9026578664779663
        },
        "3": {
            "0": 0.9387187361717224,
            "1": 0.9891713857650757,
            "2": 0.9729183316230774,
            "3": 0.9868268966674805
        }
    }
}