{
    "confidence_score": 0.9492806792259216,
    "ptm": 0.9447084069252014,
    "iptm": 0.931240439414978,
    "ligand_iptm": 0.0,
    "protein_iptm": 0.931240439414978,
    "complex_plddt": 0.9537906646728516,
    "complex_iplddt": 0.9324251413345337,
    "complex_pde": 0.3147483766078949,
    "complex_ipde": 0.702651858329773,
    "chains_ptm": {
        "0": 0.9811656475067139,
        "1": 0.9667349457740784,
        "2": 0.9906395673751831,
        "3": 0.9847261905670166
    },
    "pair_chains_iptm": {
        "0": {
            "0": 0.9811656475067139,
            "1": 0.9081671833992004,
            "2": 0.8636255860328674,
            "3": 0.8796108365058899
        },
        "1": {
            "0": 0.8492292165756226,
            "1": 0.9667349457740784,
            "2": 0.9664944410324097,
            "3": 0.927213728427887
        },
        "2": {
            "0": 0.7864395976066589,
            "1": 0.9765058755874634,
            "2": 0.9906395673751831,
            "3": 0.9003050923347473
        },
        "3": {
            "0": 0.9305896162986755,
            "1": 0.9875620007514954,
            "2": 0.9715027809143066,
            "3": 0.9847261905670166
        }
    }
}