{
    "confidence_score": 0.9500986933708191,
    "ptm": 0.9459888339042664,
    "iptm": 0.9329125285148621,
    "ligand_iptm": 0.0,
    "protein_iptm": 0.9329125285148621,
    "complex_plddt": 0.9543952345848083,
    "complex_iplddt": 0.9341707229614258,
    "complex_pde": 0.3143573999404907,
    "complex_ipde": 0.6810175180435181,
    "chains_ptm": {
        "0": 0.9814577102661133,
        "1": 0.9671658277511597,
        "2": 0.990486741065979,
        "3": 0.986095130443573
    },
    "pair_chains_iptm": {
        "0": {
            "0": 0.9814577102661133,
            "1": 0.9120016098022461,
            "2": 0.8683738708496094,
            "3": 0.8823143243789673
        },
        "1": {
            "0": 0.8523964285850525,
            "1": 0.9671658277511597,
            "2": 0.9666345715522766,
            "3": 0.9285629987716675
        },
        "2": {
            "0": 0.7913491129875183,
            "1": 0.9762480854988098,
            "2": 0.990486741065979,
            "3": 0.9012216329574585
        },
        "3": {
            "0": 0.9319789409637451,
            "1": 0.9888231754302979,
            "2": 0.9722029566764832,
            "3": 0.986095130443573
        }
    }
}