{
    "confidence_score": 0.9491796493530273,
    "ptm": 0.9511106014251709,
    "iptm": 0.9394596815109253,
    "ligand_iptm": 0.0,
    "protein_iptm": 0.9394596815109253,
    "complex_plddt": 0.9516096115112305,
    "complex_iplddt": 0.9420281648635864,
    "complex_pde": 0.3053416311740875,
    "complex_ipde": 0.4140736162662506,
    "chains_ptm": {
        "0": 0.9778133034706116,
        "1": 0.968134880065918
    },
    "pair_chains_iptm": {
        "0": {
            "0": 0.9778133034706116,
            "1": 0.9394596815109253
        },
        "1": {
            "0": 0.9224544167518616,
            "1": 0.968134880065918
        }
    }
}