{
    "confidence_score": 0.9491744041442871,
    "ptm": 0.9534265398979187,
    "iptm": 0.9419387578964233,
    "ligand_iptm": 0.0,
    "protein_iptm": 0.9419387578964233,
    "complex_plddt": 0.9509833455085754,
    "complex_iplddt": 0.9461075067520142,
    "complex_pde": 0.30166181921958923,
    "complex_ipde": 0.3971346616744995,
    "chains_ptm": {
        "0": 0.9775859713554382,
        "1": 0.9706433415412903
    },
    "pair_chains_iptm": {
        "0": {
            "0": 0.9775859713554382,
            "1": 0.9419387578964233
        },
        "1": {
            "0": 0.9282063841819763,
            "1": 0.9706433415412903
        }
    }
}