{
    "confidence_score": 0.9502173662185669,
    "ptm": 0.9542756676673889,
    "iptm": 0.9425914883613586,
    "ligand_iptm": 0.0,
    "protein_iptm": 0.9425914883613586,
    "complex_plddt": 0.952123761177063,
    "complex_iplddt": 0.9497454762458801,
    "complex_pde": 0.30322492122650146,
    "complex_ipde": 0.3939821124076843,
    "chains_ptm": {
        "0": 0.9782533049583435,
        "1": 0.9691733121871948
    },
    "pair_chains_iptm": {
        "0": {
            "0": 0.9782533049583435,
            "1": 0.9425914883613586
        },
        "1": {
            "0": 0.9321963787078857,
            "1": 0.9691733121871948
        }
    }
}