{
    "confidence_score": 0.9495474696159363,
    "ptm": 0.9539502859115601,
    "iptm": 0.9418147802352905,
    "ligand_iptm": 0.0,
    "protein_iptm": 0.9418147802352905,
    "complex_plddt": 0.9514806866645813,
    "complex_iplddt": 0.9412651062011719,
    "complex_pde": 0.30473586916923523,
    "complex_ipde": 0.4069257974624634,
    "chains_ptm": {
        "0": 0.9779998064041138,
        "1": 0.9689282178878784
    },
    "pair_chains_iptm": {
        "0": {
            "0": 0.9779998064041138,
            "1": 0.9418147802352905
        },
        "1": {
            "0": 0.9326551556587219,
            "1": 0.9689282178878784
        }
    }
}