{
    "confidence_score": 0.9491599202156067,
    "ptm": 0.9529951214790344,
    "iptm": 0.9402747750282288,
    "ligand_iptm": 0.0,
    "protein_iptm": 0.9402747750282288,
    "complex_plddt": 0.9513811469078064,
    "complex_iplddt": 0.9430692195892334,
    "complex_pde": 0.30472809076309204,
    "complex_ipde": 0.3992629945278168,
    "chains_ptm": {
        "0": 0.9773619771003723,
        "1": 0.9691125750541687
    },
    "pair_chains_iptm": {
        "0": {
            "0": 0.9773619771003723,
            "1": 0.9402747750282288
        },
        "1": {
            "0": 0.9279077053070068,
            "1": 0.9691125750541687
        }
    }
}