{
    "confidence_score": 0.9502056241035461,
    "ptm": 0.9518076181411743,
    "iptm": 0.941796600818634,
    "ligand_iptm": 0.0,
    "protein_iptm": 0.941796600818634,
    "complex_plddt": 0.9523078799247742,
    "complex_iplddt": 0.9498230218887329,
    "complex_pde": 0.30342575907707214,
    "complex_ipde": 0.3922507166862488,
    "chains_ptm": {
        "0": 0.9777573943138123,
        "1": 0.9686707258224487
    },
    "pair_chains_iptm": {
        "0": {
            "0": 0.9777573943138123,
            "1": 0.941796600818634
        },
        "1": {
            "0": 0.9314329028129578,
            "1": 0.9686707258224487
        }
    }
}